date,Sleep Score,Total Sleep Score,REM Sleep Score,Deep Sleep Score,Sleep Efficiency Score,Restfulness Score,Sleep Latency Score,Sleep Timing Score,Total Bedtime,Total Sleep Time,Awake Time,REM Sleep Time,Light Sleep Time,Deep Sleep Time,Restless Sleep,Sleep Efficiency,Sleep Latency,Sleep Timing,Sleep Timing,Bedtime Start,Bedtime End,Average Resting Heart Rate,Lowest Resting Heart Rate,Average HRV,Temperature Deviation (Â°C),Respiratory Rate,Activity Score,Stay Active Score,Move Every Hour Score,Meet Daily Targets Score,Training Frequency Score,Training Volume Score,Recovery Time Score,Activity Burn,Total Burn,Target Calories,Steps,Daily Movement,Inactive Time,Rest Time,Low Activity Time,Medium Activity Time,High Activity Time,Non-wear Time,Average MET,Long Periods of Inactivity,Readiness Score,Previous Night Score,Sleep Balance Score,Previous Day Activity Score,Activity Balance Score,Temperature Score,Resting Heart Rate Score,HRV Balance Score,Recovery Index Score
2021-04-16,,,,,,,,,,,,,,,,,,,,,,,,,,,93,97,95,78,100,99,98,200,2137,450,4424,3874,353,268,209,11,0,599,1.28125,1,,,,,,,,,
2021-04-17,78,100,98,96,79,44,72,17,41400,34170,7230,8100,20490,5580,51,83,300,20460,,2021-04-17T00:31:31-05:00,2021-04-17T12:01:31-05:00,70.5,61.0,40,0.14,14.125,90,78,95,78,100,98,100,225,2094,500,4267,4484,507,706,164,23,0,40,1.28125,1,85,77,80,90,92,87,86,0,100
2021-04-18,76,100,77,90,74,51,72,17,40920,33300,7620,5340,23130,4830,43,81,270,21330,,2021-04-18T00:19:33-05:00,2021-04-18T11:41:33-05:00,56.68,49.0,72,-0.23,13.625,83,75,78,60,96,96,100,195,2064,450,3886,3945,539,708,178,15,0,0,1.25,2,81,74,74,88,88,98,78,0,100
2021-04-19,69,62,81,56,74,70,91,67,26880,21900,4980,5640,13200,3060,38,81,690,13890,,2021-04-19T00:12:16-05:00,2021-04-19T07:40:16-05:00,74.08,61.0,32,0.3,14.75,86,83,95,60,96,98,100,813,2752,300,10344,15221,496,572,222,106,2,42,1.6875,1,69,65,65,88,91,81,80,0,28
2021-04-20,84,89,80,98,72,55,94,100,35640,28590,7050,5580,15390,7620,39,80,1020,18810,,2021-04-19T21:15:14-05:00,2021-04-20T07:09:14-05:00,59.57,52.0,55,-0.07,13.375,83,60,100,60,96,98,100,262,2221,450,5533,4951,672,529,214,24,1,0,1.34375,0,71,84,70,75,66,100,89,0,30
2021-04-21,82,91,96,80,96,59,67,75,32100,29280,2820,6960,18000,4320,39,91,150,16350,,2021-04-20T23:15:20-05:00,2021-04-21T08:10:20-05:00,71.91,56.0,36,-0.02,14,77,70,95,43,71,97,100,333,2289,450,6994,6554,590,542,283,24,1,0,1.40625,1,74,81,73,81,79,100,94,81,10
2021-04-22,72,90,58,86,69,47,70,54,36540,28830,7710,4050,20160,4620,49,79,210,19440,,2021-04-21T23:06:21-05:00,2021-04-22T09:15:21-05:00,57.38,52.0,60,-0.15,13.625,72,81,100,25,40,96,100,321,2242,450,6424,6412,503,661,245,31,0,0,1.34375,0,79,67,75,84,78,99,92,87,76
2021-04-23,75,79,71,63,81,55,75,100,31200,26070,5130,4890,17760,3420,43,84,330,16260,,2021-04-22T22:08:19-05:00,2021-04-23T06:48:19-05:00,58.49,54.0,55,-0.29,14.375,78,70,100,43,71,96,100,462,2459,450,8952,8821,596,485,315,39,5,0,1.5,0,79,71,73,90,79,94,100,87,49
2021-04-24,67,100,100,25,62,60,23,14,45420,34530,10890,9600,23520,1410,42,76,2610,25770,,2021-04-23T23:23:42-05:00,2021-04-24T12:00:42-05:00,70.69,54.0,42,0.37,13.25,77,87,100,43,71,95,89,188,2062,450,3606,3657,464,676,175,13,0,112,1.25,0,77,60,83,78,75,70,100,85,47
2021-04-25,68,100,98,47,76,46,29,16,39240,32340,6900,8190,21600,2550,50,82,2460,21060,,2021-04-25T00:26:14-05:00,2021-04-25T11:20:14-05:00,61.1,54.0,47,-0.14,13.375,77,79,95,43,71,84,100,157,1990,450,2889,3134,529,780,116,14,1,0,1.1875,1,82,62,85,96,84,100,100,85,55
2021-04-26,72,77,57,94,79,48,51,100,30840,25680,5160,3960,16710,5010,51,83,1950,16890,,2021-04-25T22:15:09-05:00,2021-04-26T06:49:09-05:00,57.14,49.0,76,0.02,13.625,68,77,100,25,40,75,100,397,2423,450,8440,7215,538,469,405,28,0,0,1.5,0,81,68,81,94,86,100,91,89,56
2021-04-27,76,98,96,57,65,55,75,41,40740,31560,9180,7140,21300,3120,44,77,1440,21330,,2021-04-26T23:00:44-05:00,2021-04-27T10:19:44-05:00,62.78,54.0,54,-0.08,13.875,67,81,95,25,40,65,100,216,2136,500,4698,4069,505,615,228,12,0,80,1.3125,1,85,73,86,88,82,100,87,87,92
2021-04-28,83,100,98,82,79,55,97,37,40500,33450,7050,8010,21000,4440,40,83,960,20010,,2021-04-27T23:31:44-05:00,2021-04-28T10:46:44-05:00,57.6,52.0,63,-0.15,13.5,82,95,100,43,71,98,100,913,2836,550,11653,16954,397,729,189,115,10,0,1.71875,0,91,82,89,94,87,99,100,89,100
2021-04-29,67,77,50,57,81,46,72,77,30480,25740,4740,3510,19110,3120,52,84,1470,16230,,2021-04-28T23:13:30-05:00,2021-04-29T07:41:30-05:00,65.42,54.0,37,0.08,13.625,69,41,60,43,71,96,100,182,2142,450,3762,3335,820,442,167,11,0,0,1.3125,3,75,60,83,76,69,98,97,86,31
2021-04-30,68,84,85,59,69,46,70,29,34500,27390,7110,5880,18300,3210,53,79,240,19350,,2021-04-29T23:58:14-05:00,2021-04-30T09:33:14-05:00,67.26,54.0,51,-0.16,13.375,66,69,60,25,40,96,100,260,2201,450,5457,5104,600,580,247,13,0,0,1.34375,3,77,62,81,76,75,100,97,86,47
2021-05-01,75,100,97,78,69,54,67,10,42000,33360,8640,7470,21720,4170,44,79,150,22170,,2021-05-01T00:44:04-05:00,2021-05-01T12:24:04-05:00,66.38,57.0,47,0.33,13.5,74,96,100,25,40,95,100,311,2208,450,6691,6222,377,762,287,14,0,0,1.34375,0,81,72,85,87,77,77,69,85,91
2021-05-02,65,61,47,66,76,50,89,85,26520,21750,4770,3300,14880,3570,49,82,660,13590,,2021-05-01T23:41:29-05:00,2021-05-02T07:03:29-05:00,61.52,54.0,62,0.07,13.875,78,66,100,43,71,100,100,1138,3150,450,14958,21503,633,375,285,133,14,0,1.9375,0,78,59,77,100,77,99,91,87,53
2021-05-03,82,100,99,97,90,59,75,17,38520,33870,4650,8310,18690,6870,39,88,1410,20040,,2021-05-03T00:36:47-05:00,2021-05-03T11:18:47-05:00,64.61,57.0,41,-0.17,13.5,83,97,95,43,96,100,98,408,2284,450,7070,8104,344,725,169,60,1,141,1.375,1,76,83,82,46,53,99,70,84,100
2021-05-04,73,81,54,54,86,50,86,93,30720,26550,4170,3750,19890,2910,48,86,600,15570,,2021-05-03T22:52:29-05:00,2021-05-04T07:24:29-05:00,60.54,55.0,49,-0.16,13.625,76,64,95,43,96,99,89,347,2302,450,7299,6697,652,482,275,31,0,0,1.40625,1,80,70,79,95,54,99,92,84,81
2021-05-05,83,100,83,92,65,70,70,67,40140,30060,10080,5730,21390,2940,44,75,210,21780,,2021-05-04T21:52:06-05:00,2021-05-05T09:01:06-05:00,63.7,56.0,40,-0.1,13.625,73,79,95,43,71,98,80,285,2182,250,5206,5573,515,720,174,27,4,0,1.3125,1,83,85,85,81,57,100,85,85,100
2021-05-06,81,100,58,96,65,66,81,69,34920,29580,5340,3900,22440,3240,53,85,450,17910,,2021-05-05T22:35:34-05:00,2021-05-06T08:17:34-05:00,59.16,51.0,52,-0.06,13.125,88,92,95,60,96,100,100,910,2821,200,12855,17050,359,759,201,106,15,0,1.71875,1,88,82,91,82,60,100,99,86,48
2021-05-07,78,81,76,95,65,58,75,96,32460,25860,6600,5190,16080,4590,43,80,330,17550,,2021-05-06T22:00:33-05:00,2021-05-07T07:01:33-05:00,61.64,52.0,49,-0.07,14,89,70,100,78,100,100,98,957,2934,450,13811,18237,598,465,248,120,9,0,1.8125,0,82,78,87,89,65,100,91,86,65
2021-05-08,86,100,100,98,83,69,72,42,35100,31290,3810,9090,18090,4110,38,89,300,17430,,2021-05-08T00:13:23-05:00,2021-05-08T09:58:23-05:00,69.7,56.0,32,0.08,14.125,91,87,95,78,100,100,98,190,2044,450,3958,3860,449,684,155,17,0,135,1.25,1,75,89,94,57,34,98,70,86,15
2021-05-09,81,100,96,88,90,61,70,26,40860,36090,4770,7140,24240,4710,34,88,240,21000,,2021-05-08T23:36:26-05:00,2021-05-09T10:57:26-05:00,57.75,52.0,66,-0.15,13.125,90,99,100,60,96,100,100,394,2268,550,8539,7879,307,807,283,43,0,0,1.34375,0,89,82,99,97,45,100,100,88,100
2021-05-10,74,76,38,82,72,64,91,93,31860,25380,6480,2670,18300,4410,33,80,690,17400,,2021-05-09T22:22:29-05:00,2021-05-10T07:13:29-05:00,57.48,46.0,80,0.04,13.75,77,64,60,60,71,98,100,231,2130,450,4770,4552,643,581,201,14,1,0,1.3125,3,77,72,93,100,47,100,76,91,33
2021-05-11,81,88,50,99,79,79,72,87,29280,24600,4680,3420,15660,5520,33,84,270,15600,,2021-05-10T22:48:11-05:00,2021-05-11T06:56:11-05:00,52.91,47.0,80,-0.15,13.5,80,60,95,60,71,96,100,171,2061,500,3460,3238,643,619,166,12,0,0,1.25,1,85,82,90,85,56,100,85,94,74
2021-05-12,84,99,74,95,86,56,99,59,37140,31950,5190,5160,21540,5250,42,86,870,19230,,2021-05-11T23:00:43-05:00,2021-05-12T09:19:43-05:00,63.15,53.0,41,0.18,13.125,76,78,78,43,71,90,100,208,2097,450,4449,3994,516,708,203,13,0,0,1.28125,2,84,87,91,89,65,89,100,91,46
2021-05-13,73,76,69,98,83,63,43,77,29820,25350,4470,4770,12990,7590,32,85,2130,15750,,2021-05-12T23:22:17-05:00,2021-05-13T07:39:17-05:00,59.18,50.0,62,-0.44,13.75,68,84,100,25,40,67,100,341,2287,450,6900,6714,485,575,300,22,0,58,1.40625,0,84,70,86,96,73,90,100,92,58
2021-05-14,82,100,99,97,46,50,97,56,47580,33210,14370,8430,18690,6090,55,70,810,21030,,2021-05-13T22:35:42-05:00,2021-05-14T11:48:42-05:00,76.07,65.0,25,0.76,14.875,,,,,,,,163,2021,250,3782,3230,631,631,168,10,0,0,1.21875,0,57,84,90,92,76,42,15,84,100
2021-05-15,77,100,78,67,83,48,94,23,39900,34050,5850,5400,25020,3630,47,85,990,19560,,2021-05-15T00:12:24-05:00,2021-05-15T11:17:24-05:00,60.17,55.0,56,0.2,14.25,,,,,,,,251,2138,450,5042,5022,557,667,191,25,0,0,1.28125,2,81,77,93,0,0,89,86,83,100
2021-05-16,52,77,55,63,48,46,1,17,36900,25650,11250,3840,18390,3420,54,70,5730,22530,,2021-05-15T23:59:22-05:00,2021-05-16T10:14:22-05:00,63.07,53.0,61,0.13,13.75,76,77,100,43,71,98,89,403,2323,450,8071,8402,489,603,321,27,0,0,1.40625,0,81,39,88,91,86,94,100,85,78
2021-05-17,79,87,70,96,58,70,70,86,26520,20310,6210,2760,13740,3810,44,77,210,14220,,2021-05-16T23:40:09-05:00,2021-05-17T07:02:09-05:00,59.62,52.0,57,0.0,13.875,72,78,95,43,71,97,80,186,2055,550,3898,3656,491,674,164,12,0,99,1.25,1,88,80,86,89,83,100,100,86,54
2021-05-18,75,80,41,96,97,50,67,98,28800,26490,2310,2880,17460,6150,45,92,180,14490,,2021-05-17T23:00:58-05:00,2021-05-18T07:00:58-05:00,55.97,51.0,67,-0.24,13.375,85,74,95,60,96,99,100,670,2579,550,9976,12496,563,608,187,57,25,0,1.5625,1,87,74,83,96,88,97,100,88,81
2021-05-19,83,96,91,67,79,55,91,79,36900,30510,6390,6270,20610,3630,43,83,1050,19710,,2021-05-18T22:11:04-05:00,2021-05-19T08:26:04-05:00,58.12,52.0,57,-0.25,13.25,84,69,95,60,96,98,100,258,2194,450,5184,4987,602,558,262,18,0,0,1.34375,1,84,87,83,57,77,96,100,88,82
2021-05-20,87,100,93,96,72,67,94,61,37080,30150,6930,6450,19080,4620,39,81,990,19890,,2021-05-19T22:50:21-05:00,2021-05-20T09:08:21-05:00,62.83,52.0,51,-0.36,13.75,93,94,100,78,100,100,100,942,2915,550,13361,17763,402,608,322,93,15,0,1.78125,0,89,93,87,89,81,93,91,88,75
2021-05-21,51,62,51,67,39,52,1,58,33240,22080,11160,3570,14850,3660,44,66,5550,17190,,2021-05-20T23:36:30-05:00,2021-05-21T08:50:30-05:00,62.53,54.0,49,-0.07,13.5,91,83,95,78,100,100,100,779,2703,450,11201,14716,497,634,214,82,13,0,1.65625,1,70,37,79,66,64,100,84,87,56
2021-05-22,79,100,96,98,67,55,78,23,47640,37110,10530,7080,22380,7650,42,78,390,24930,,2021-05-21T22:42:02-05:00,2021-05-22T11:56:02-05:00,62.6,53.0,51,0.07,13,89,100,100,60,96,99,98,194,2024,450,4100,4028,238,725,165,14,0,298,1.21875,0,81,81,86,72,58,99,98,86,72
2021-05-23,75,99,74,96,76,53,75,6,39180,31980,7200,5160,20790,6030,43,82,360,21210,,2021-05-23T01:22:25-05:00,2021-05-23T12:15:25-05:00,57.47,50.0,80,0.07,13.25,87,88,95,60,96,97,100,175,2019,550,3613,3389,428,808,195,9,0,0,1.21875,1,86,75,88,100,65,99,95,90,88
2021-05-24,83,100,78,98,88,59,86,37,38340,33180,5160,5400,20220,7560,39,87,600,19650,,2021-05-23T23:37:37-05:00,2021-05-24T10:16:37-05:00,53.85,50.0,79,-0.22,13.25,88,94,100,60,96,97,100,380,2289,600,8170,7840,394,677,259,38,0,72,1.375,0,92,88,91,100,72,97,100,92,100
2021-05-25,69,64,52,84,81,58,75,90,26820,22440,4380,3660,14280,4500,35,84,330,13470,,2021-05-24T23:33:33-05:00,2021-05-25T07:00:33-05:00,55.13,48.0,70,-0.44,14.25,76,65,95,43,71,96,100,283,2215,450,5672,5407,631,542,242,25,0,0,1.34375,1,84,65,83,96,71,90,100,93,81
2021-05-26,68,77,48,70,69,42,86,82,32820,25770,7050,3330,18690,3750,53,79,570,17850,,2021-05-25T22:37:17-05:00,2021-05-26T07:44:17-05:00,57.15,50.0,59,-0.19,13.5,74,57,95,43,71,87,100,285,2232,450,5532,5560,703,479,238,20,0,0,1.375,1,79,64,80,85,75,98,100,93,43
2021-05-27,64,71,47,86,72,49,99,18,30240,24090,6150,3270,16230,4590,47,80,870,15840,,2021-05-27T01:39:45-05:00,2021-05-27T10:03:45-05:00,60.52,52.0,58,-0.17,13.375,70,85,100,25,40,80,100,380,2338,450,7970,7322,482,620,306,32,0,0,1.4375,0,77,59,75,81,78,99,95,93,53
2021-05-28,65,70,64,75,86,61,70,20,28020,24030,3990,4410,15540,4080,38,86,210,14580,,2021-05-28T01:48:45-05:00,2021-05-28T09:35:45-05:00,64.37,52.0,51,-0.04,13.875,51,47,95,1,1,66,100,158,2043,450,3174,3160,765,523,141,11,0,0,1.25,1,75,61,71,92,78,100,100,91,26
2021-05-29,76,97,82,93,81,43,89,14,36900,31170,5730,5670,20520,4980,52,84,660,18720,,2021-05-29T01:17:05-05:00,2021-05-29T11:32:05-05:00,55.07,50.0,87,-0.05,13.625,54,60,100,1,1,65,100,233,2127,550,4878,4524,662,569,188,21,0,0,1.3125,0,86,79,74,82,84,100,100,95,100
2021-05-30,54,54,38,69,62,58,94,1,26220,19950,6270,2700,13530,3720,43,76,990,12780,,2021-05-30T04:48:02-05:00,2021-05-30T12:05:02-05:00,73.13,63.0,31,0.2,13.75,75,100,100,25,40,99,100,1067,2936,250,13745,20013,283,744,175,106,42,90,1.78125,0,60,43,66,86,86,88,22,87,33
2021-05-31,72,93,71,96,46,55,18,77,39840,27750,12090,4650,17700,5400,44,70,3060,20850,,2021-05-30T21:58:19-05:00,2021-05-31T09:02:19-05:00,60.27,51.0,62,-0.04,13.625,73,92,95,25,40,98,100,364,2259,450,7484,7362,422,675,316,26,1,0,1.375,1,78,72,69,59,70,100,100,89,76
2021-06-01,83,87,80,98,96,56,72,100,30960,28110,2850,5580,14820,7710,38,91,270,15360,,2021-05-31T22:32:25-05:00,2021-06-01T07:08:25-05:00,54.4,49.0,76,-0.31,13.625,79,81,95,43,71,100,98,1294,3277,550,16596,23438,513,486,302,29,110,0,2,1,86,90,70,95,70,94,100,91,99
2021-06-02,73,72,64,92,69,55,89,86,31020,24420,6600,4410,15090,4920,40,79,630,16350,,2021-06-01T22:53:24-05:00,2021-06-02T07:30:24-05:00,57.04,50.0,57,-0.23,13.5,80,76,95,60,71,100,89,381,2365,300,7588,7283,558,499,359,22,2,0,1.4375,1,66,73,67,1,46,97,100,90,48
2021-06-03,80,98,53,95,88,53,67,77,34020,30150,3870,3720,22170,4260,48,89,180,16740,,2021-06-02T23:03:36-05:00,2021-06-03T08:30:36-05:00,56.65,51.0,72,-0.3,13.25,77,73,95,60,71,100,80,330,2268,450,6427,6751,567,559,296,18,0,0,1.375,1,81,85,72,86,48,95,100,92,76
2021-06-04,63,76,59,88,67,59,4,55,29520,23640,5880,4140,15570,3930,46,80,4050,16710,,2021-06-03T23:55:34-05:00,2021-06-04T08:07:34-05:00,58.47,51.0,61,0.0,13.625,83,89,100,78,96,100,69,718,2660,450,10778,13488,466,540,267,71,14,82,1.625,0,75,57,71,88,52,100,100,91,50
2021-06-05,70,100,93,96,67,48,1,21,41280,32340,8940,6450,20310,5580,49,78,4440,21660,,2021-06-04T23:44:58-05:00,2021-06-05T11:12:58-05:00,59.15,52.0,59,-0.16,13.25,72,92,100,78,100,100,13,424,2330,450,7614,8177,406,700,281,50,3,0,1.40625,0,78,68,76,71,47,100,90,91,100
2021-06-06,76,99,85,98,65,53,70,19,41760,32070,9690,5940,18720,7410,43,77,240,22860,,2021-06-05T23:40:03-05:00,2021-06-06T11:16:03-05:00,59.47,50.0,59,0.17,13.25,70,97,95,78,100,100,6,1484,3435,450,16556,27660,366,639,234,191,10,0,2.09375,1,83,78,80,94,51,90,100,90,81
2021-06-07,80,79,55,95,90,74,91,78,26880,23790,3090,3780,15150,4860,35,89,690,13560,,2021-06-06T23:45:00-05:00,2021-06-07T07:13:00-05:00,63.78,55.0,38,0.03,13.375,73,94,100,95,100,100,1,898,2869,450,13128,17043,391,581,366,91,11,0,1.75,0,70,85,78,50,27,100,68,86,47
2021-06-08,85,100,100,95,88,57,70,66,39180,34230,4950,8970,22410,2850,52,87,210,20370,,2021-06-07T22:37:35-05:00,2021-06-08T09:30:35-05:00,67.01,58.0,35,0.31,13.875,76,81,95,78,100,100,48,291,2198,450,5919,5628,477,684,254,24,1,0,1.34375,1,77,93,90,70,23,78,62,82,100
2021-06-09,80,96,52,98,67,58,81,71,34200,27120,7080,3570,18060,5490,47,79,450,18420,,2021-06-08T22:49:03-05:00,2021-06-09T08:19:03-05:00,55.53,49.0,70,-0.33,13.375,94,99,100,78,100,100,98,915,2795,550,11504,17157,313,716,178,123,6,104,1.6875,0,86,85,92,96,33,94,100,86,74
2021-06-10,76,74,67,96,74,62,86,87,30840,25050,5790,4680,14880,5490,40,81,1170,17070,,2021-06-09T22:40:57-05:00,2021-06-10T07:14:57-05:00,61.73,53.0,52,0.26,13.75,95,77,100,95,100,100,98,1305,3285,450,15869,24634,539,458,264,168,11,0,2,0,76,78,87,79,28,82,83,85,68
2021-06-11,72,89,64,86,79,52,91,16,34380,28620,5760,4470,19530,4620,45,83,720,18450,,2021-06-11T01:09:33-05:00,2021-06-11T10:42:33-05:00,59.78,52.0,53,-0.09,13.5,89,73,100,78,100,100,95,436,2351,450,6116,8378,578,605,208,48,1,0,1.4375,0,72,71,87,43,11,100,90,83,78
2021-06-12,76,89,58,96,60,70,81,40,27360,22530,4830,3270,14670,4590,41,82,480,13170,,2021-06-12T01:37:18-05:00,2021-06-12T09:13:18-05:00,54.37,49.0,76,-0.11,14.875,95,99,100,95,100,100,86,625,2464,450,7879,11844,330,854,173,76,7,0,1.46875,0,82,78,86,84,19,100,100,88,100
2021-06-13,65,67,49,97,76,62,13,90,28560,23310,5250,3390,13500,6420,37,82,3390,15840,,2021-06-12T22:54:51-05:00,2021-06-13T06:50:51-05:00,54.33,49.0,82,0.0,13.75,84,73,95,78,100,100,80,201,2115,450,4711,3704,581,612,241,6,0,0,1.28125,1,74,59,80,88,23,100,96,91,55
2021-06-14,88,100,86,96,79,46,97,97,41160,34560,6600,6000,23040,5520,52,84,840,20430,,2021-06-13T20:20:52-05:00,2021-06-14T07:46:52-05:00,62.23,52.0,57,0.12,14,88,90,100,60,100,100,100,386,2317,500,7822,7576,451,583,294,35,2,75,1.40625,0,85,99,87,94,41,95,100,92,56
2021-06-15,87,100,82,95,81,62,83,86,33180,27840,5340,5400,18660,3780,47,84,510,17400,,2021-06-14T22:40:07-05:00,2021-06-15T07:53:07-05:00,55.79,49.0,74,0.16,13.375,93,94,100,78,100,100,98,698,2599,550,8997,13142,410,729,208,89,4,0,1.5625,0,90,97,89,92,48,91,100,94,87
2021-06-16,65,93,83,32,65,49,1,75,38460,29760,8700,5730,22230,1800,44,77,5400,21810,,2021-06-15T21:44:27-05:00,2021-06-16T08:25:27-05:00,60.49,49.0,60,0.25,13.5,85,76,95,60,100,98,98,283,2214,450,6039,5532,548,633,238,20,1,0,1.34375,1,81,58,89,82,47,83,100,93,80
2021-06-17,81,95,37,100,81,67,75,89,28260,23820,4440,2580,15840,5400,43,84,330,14940,,2021-06-16T23:12:50-05:00,2021-06-17T07:03:50-05:00,59.23,51.0,69,-0.19,13.375,79,64,95,43,96,96,100,220,2134,550,4422,4178,588,621,213,18,0,0,1.3125,1,89,87,89,92,59,98,100,94,70
2021-06-18,70,69,42,97,74,50,78,94,29100,23610,5490,2940,13980,6690,44,81,390,15000,,2021-06-17T22:59:43-05:00,2021-06-18T07:04:43-05:00,54.05,48.0,69,-0.13,13.75,86,81,100,60,96,98,100,812,2768,550,11540,15314,515,547,281,92,5,0,1.6875,0,86,67,83,93,69,100,100,94,100
2021-06-19,77,100,97,54,74,45,70,55,47760,38730,9030,7500,28290,2940,52,81,240,23880,,2021-06-18T21:50:30-05:00,2021-06-19T11:06:30-05:00,55.84,49.0,59,0.02,13.5,80,90,95,43,71,97,100,131,1954,550,2419,2443,422,800,125,11,0,82,1.15625,1,88,80,92,73,63,100,100,93,100
2021-06-20,63,85,80,48,55,54,8,58,35580,26550,9030,5550,18660,2340,47,75,3750,21180,,2021-06-19T22:27:52-05:00,2021-06-20T08:20:52-05:00,62.72,51.0,59,0.54,13.625,89,96,100,60,96,99,100,846,2795,450,11675,16115,374,640,321,105,0,0,1.6875,0,77,55,90,100,73,59,93,92,70
2021-06-21,70,76,40,95,67,52,67,87,32580,25350,7230,2820,17280,5250,41,78,180,16560,,2021-06-20T22:48:21-05:00,2021-06-21T07:51:21-05:00,59.08,50.0,57,-0.19,13.5,85,69,100,60,96,98,100,304,2306,450,6672,5535,596,524,303,17,0,0,1.40625,0,78,67,85,82,63,99,100,91,31
2021-06-22,82,96,92,73,88,62,78,62,34920,30510,4410,6420,20130,3960,39,87,390,17580,,2021-06-21T23:21:52-05:00,2021-06-22T09:03:52-05:00,63.18,54.0,51,-0.08,13.75,83,73,78,60,96,100,100,659,2590,450,9589,12374,553,599,210,68,10,0,1.5625,2,82,89,86,89,69,100,86,88,49
2021-06-23,76,100,96,54,65,52,97,23,45540,35220,10320,7020,25260,2940,46,77,930,24030,,2021-06-22T22:56:47-05:00,2021-06-23T11:35:47-05:00,61.11,50.0,56,0.25,13.5,85,74,95,60,96,98,100,169,2022,500,3448,3489,559,710,166,5,0,0,1.21875,1,85,78,92,69,64,84,100,87,85
2021-06-24,82,95,64,96,88,48,83,82,34440,30030,4410,4410,19770,5850,50,87,510,17550,,2021-06-23T22:42:35-05:00,2021-06-24T08:16:35-05:00,52.44,47.0,85,-0.31,13.5,85,71,100,60,96,97,100,229,2130,600,4585,4362,570,579,191,20,0,80,1.3125,0,92,89,92,97,74,94,98,91,100
2021-06-25,75,97,52,99,69,59,22,78,33780,27180,6600,3210,18390,5580,46,80,2670,17700,,2021-06-24T22:48:42-05:00,2021-06-25T08:11:42-05:00,56.17,49.0,65,0.11,14.125,79,81,100,43,71,96,100,314,2249,550,6832,6044,478,640,301,20,1,0,1.375,0,87,76,93,93,79,96,100,90,40
2021-06-26,73,86,72,61,86,48,97,40,32400,27990,4410,5010,19680,3300,51,86,840,17220,,2021-06-26T00:10:39-05:00,2021-06-26T09:10:39-05:00,59.64,51.0,59,-0.01,13.5,78,81,100,43,71,90,100,292,2201,450,6389,5758,498,654,269,19,0,0,1.34375,0,84,72,90,96,82,100,98,89,51
2021-06-27,74,91,87,81,72,55,91,12,36480,29190,7290,6030,18810,4350,40,80,690,20040,,2021-06-27T01:07:35-05:00,2021-06-27T11:15:35-05:00,59.7,50.0,58,0.3,13.375,70,97,100,25,40,65,100,208,2103,550,4342,4290,348,513,187,9,0,383,1.28125,0,89,74,89,96,84,79,98,89,93
2021-06-28,47,45,13,73,46,54,86,16,25980,17820,8160,900,12960,3960,46,69,570,13200,,2021-06-28T02:39:54-05:00,2021-06-28T09:52:54-05:00,53.36,49.0,74,-0.18,14.5,79,77,100,43,71,96,100,608,2537,450,8205,11411,486,665,217,67,5,0,1.53125,0,77,24,77,99,89,99,100,91,64
2021-06-29,75,90,96,39,74,47,94,65,35820,29040,6780,6900,20010,2130,48,81,750,19410,,2021-06-28T22:45:00-05:00,2021-06-29T08:42:00-05:00,68.16,55.0,37,0.14,13.875,70,73,100,25,40,89,100,283,2233,450,5968,5181,567,570,283,20,0,0,1.375,0,74,76,76,83,84,93,68,83,38
2021-06-30,76,90,48,90,74,66,67,66,30960,24960,6000,3330,18780,2850,42,81,150,16680,,2021-06-29T23:29:50-05:00,2021-06-30T08:05:50-05:00,63.25,52.0,53,0.19,13.5,70,79,100,25,40,83,100,233,2132,450,4755,4440,526,674,227,10,3,0,1.28125,0,80,78,76,92,87,89,90,80,43
2021-07-01,83,96,69,97,88,51,72,96,34860,30480,4380,4800,18750,6930,48,87,270,17250,,2021-06-30T22:18:40-05:00,2021-07-01T07:59:40-05:00,54.41,49.0,72,-0.1,13.875,81,90,100,43,71,97,100,800,2778,550,12859,15577,431,527,308,116,5,53,1.6875,0,89,91,78,94,90,100,98,85,100
2021-07-02,82,89,81,84,86,67,67,81,28500,25350,3150,5130,16020,4200,39,89,180,14790,,2021-07-01T23:23:26-05:00,2021-07-02T07:18:26-05:00,61.53,51.0,45,0.14,13.625,85,72,100,60,96,97,100,358,2263,250,6526,6932,537,637,223,40,3,0,1.375,0,80,88,78,75,77,93,90,77,49
2021-07-03,71,100,97,62,60,55,17,31,39120,31410,7710,6780,21570,3060,51,80,3090,20880,,2021-07-02T23:18:32-05:00,2021-07-03T10:10:32-05:00,57.85,50.0,63,0.07,13.875,90,87,95,78,96,97,98,513,2529,450,10168,9653,492,442,470,33,3,0,1.5625,1,84,68,86,75,67,99,90,80,100
2021-07-04,69,68,78,99,62,83,81,6,31080,23490,7590,5370,9870,8250,28,76,480,13410,,2021-07-04T03:32:30-05:00,2021-07-04T12:10:30-05:00,66.94,56.0,34,-0.17,14,94,91,100,95,100,97,89,428,2332,300,7030,8115,431,704,271,25,9,0,1.40625,0,67,64,81,85,75,99,54,64,32
2021-07-05,75,92,76,59,93,48,91,38,32820,29340,3480,5250,20880,3210,47,89,1050,16800,,2021-07-05T00:21:33-05:00,2021-07-05T09:28:33-05:00,53.75,49.0,80,-0.1,13.375,81,69,78,78,96,96,80,225,2125,450,4429,4435,599,621,206,14,0,0,1.28125,2,80,76,81,87,75,100,99,76,63
2021-07-06,63,72,32,74,76,53,59,62,29940,24480,5460,2250,18240,3990,47,82,1770,15270,,2021-07-05T23:59:28-05:00,2021-07-06T08:18:28-05:00,52.47,47.0,79,-0.15,13.625,97,91,95,95,100,100,100,1011,2956,450,13258,18974,420,552,213,119,19,117,1.8125,1,77,53,77,92,79,100,95,85,49
2021-07-07,71,68,53,74,90,53,83,95,26460,23370,3090,3690,15660,4020,44,88,1230,13830,,2021-07-06T23:17:40-05:00,2021-07-07T06:38:40-05:00,57.94,51.0,61,-0.14,13.5,91,68,78,95,100,99,98,434,2461,450,8690,8178,611,423,372,33,1,0,1.5,2,73,68,72,59,67,100,89,85,65
2021-07-08,77,81,40,96,93,56,99,77,29940,26670,3270,2820,18060,5790,43,89,900,14880,,2021-07-07T23:36:17-05:00,2021-07-08T07:55:17-05:00,54.89,49.0,73,-0.04,13.75,97,99,100,95,100,100,95,1111,3085,200,15772,21145,313,645,351,119,12,0,1.875,0,82,79,70,82,67,100,100,88,73
2021-07-09,79,98,64,95,69,53,81,56,33540,28380,5160,4470,20040,3870,49,85,450,16590,,2021-07-08T23:35:26-05:00,2021-07-09T08:54:26-05:00,57.24,52.0,64,-0.27,13.75,86,68,100,78,96,100,89,343,2323,450,6877,6444,611,452,355,21,1,0,1.4375,0,78,83,75,100,76,96,81,89,100
2021-07-10,72,74,82,96,90,60,86,17,28500,24990,3510,5670,13410,5910,43,88,600,14940,,2021-07-10T02:06:12-05:00,2021-07-10T10:01:12-05:00,58.25,50.0,62,0.13,13.625,93,92,95,78,100,100,100,611,2504,450,8491,11811,401,718,250,66,5,0,1.5,1,78,70,72,86,57,94,100,89,64
2021-07-11,67,100,85,51,46,64,1,30,42180,30150,12030,5760,22020,2370,48,71,7650,25560,,2021-07-10T22:36:03-05:00,2021-07-11T10:19:03-05:00,61.04,48.0,70,0.19,13.875,89,95,100,60,96,100,100,196,2039,450,4117,3850,395,726,162,12,0,145,1.21875,0,81,60,79,84,53,88,100,90,72
2021-07-12,79,91,68,97,81,66,70,54,30840,26460,4380,4710,17610,4140,45,86,210,15030,,2021-07-12T00:28:13-05:00,2021-07-12T09:02:13-05:00,51.1,46.0,89,-0.32,13.5,91,83,95,78,100,100,100,928,2849,550,12161,17278,486,612,219,109,14,0,1.71875,1,88,83,81,100,63,94,97,94,100
2021-07-13,85,99,95,96,95,62,70,56,35220,31830,3390,6570,19260,6000,41,90,210,17520,,2021-07-12T23:34:57-05:00,2021-07-13T09:21:57-05:00,55.77,50.0,72,-0.14,13.5,86,71,100,60,100,100,100,391,2297,550,7027,7564,580,621,173,62,4,0,1.40625,0,86,95,85,58,51,100,100,95,100
2021-07-14,85,92,61,96,90,68,89,82,29880,27030,2850,3930,18600,4500,35,90,1140,15210,,2021-07-13T23:19:34-05:00,2021-07-14T07:37:34-05:00,53.29,46.0,78,0.11,13.875,83,76,78,60,100,100,98,277,2170,550,5174,5415,544,658,213,25,0,0,1.3125,2,87,95,85,83,56,95,94,97,80
2021-07-15,86,100,83,99,96,58,89,58,36900,33450,3450,5730,19830,7890,39,91,630,18390,,2021-07-14T23:16:00-05:00,2021-07-15T09:31:00-05:00,52.51,48.0,82,-0.1,13.5,89,91,100,60,100,100,100,930,2893,600,14824,18307,424,584,275,149,8,0,1.75,0,92,96,90,94,63,100,100,98,100
2021-07-16,77,91,77,58,93,68,94,23,32700,29190,3510,5340,20670,3180,41,89,1020,17250,,2021-07-16T00:48:36-05:00,2021-07-16T09:53:36-05:00,61.42,54.0,48,0.03,13.625,91,78,95,78,100,100,100,675,2640,450,9464,12720,578,460,221,90,7,84,1.625,1,77,78,89,65,52,100,62,93,78
2021-07-17,76,87,96,96,88,62,70,5,30180,26940,3240,6990,14460,5490,44,89,240,14880,,2021-07-17T03:53:41-05:00,2021-07-17T12:16:41-05:00,57.01,52.0,69,-0.08,14.5,94,100,100,78,100,100,98,979,2868,450,12279,18526,297,790,222,129,2,0,1.71875,0,80,77,88,70,49,100,70,93,100
2021-07-18,70,99,96,92,65,52,5,15,40980,31710,9270,6900,19890,4920,44,77,4020,23250,,2021-07-17T23:58:13-05:00,2021-07-18T11:21:13-05:00,56.92,47.0,74,0.0,13.375,87,82,95,78,100,100,86,401,2334,450,8453,8181,498,609,298,33,2,0,1.40625,1,82,65,91,79,40,100,100,94,89
2021-07-19,80,97,88,95,96,57,81,20,34440,31230,3210,6090,19920,5220,42,91,450,17310,,2021-07-19T01:08:49-05:00,2021-07-19T10:42:49-05:00,58.46,50.0,58,-0.12,13.375,87,95,95,78,100,100,78,968,2864,450,11979,18202,394,734,179,129,4,0,1.71875,1,84,85,92,89,45,100,99,91,65
2021-07-20,76,77,64,63,93,54,89,96,28980,25770,3210,4470,17880,3420,43,89,660,14970,,2021-07-19T22:57:56-05:00,2021-07-20T07:00:56-05:00,54.28,48.0,75,-0.11,13.375,81,70,100,78,100,100,69,412,2345,450,7369,8086,601,548,236,53,2,0,1.4375,0,81,77,87,71,37,100,100,92,79
2021-07-21,82,99,81,95,83,52,83,60,37680,32100,5580,5610,21390,5100,45,85,510,19710,,2021-07-20T22:50:28-05:00,2021-07-21T09:18:28-05:00,51.03,46.0,88,-0.1,13.75,71,89,95,78,100,100,13,505,2399,550,8190,9912,456,570,180,61,8,165,1.46875,1,88,89,90,83,43,100,100,95,100
2021-07-22,79,86,64,81,93,51,99,80,31380,27810,3570,4410,19050,4350,53,89,900,15630,,2021-07-21T23:17:32-05:00,2021-07-22T08:00:32-05:00,54.62,50.0,67,-0.29,13.625,62,70,95,60,100,100,6,469,2410,500,7358,9259,592,523,271,52,2,0,1.46875,1,85,83,87,83,48,95,90,94,100
2021-07-23,80,100,72,98,81,46,78,44,36120,30930,5190,5010,18600,7320,55,86,390,17760,,2021-07-22T23:51:07-05:00,2021-07-23T09:53:07-05:00,51.18,47.0,85,-0.28,13.375,63,87,100,60,100,100,1,1093,3093,550,14583,20525,424,521,359,128,8,0,1.90625,0,87,85,90,81,53,95,95,96,100
2021-07-24,79,100,96,97,81,58,67,10,40380,33720,6660,7020,20340,6360,46,84,180,19470,,2021-07-24T01:30:17-05:00,2021-07-24T12:43:17-05:00,54.37,48.0,74,-0.14,13,67,82,100,43,100,100,48,227,2103,550,4999,4521,477,740,212,10,1,0,1.28125,0,86,83,93,60,43,100,100,96,100
2021-07-25,81,100,96,95,93,63,72,14,38460,34260,4200,7020,22170,5070,42,89,1500,19980,,2021-07-25T00:59:32-05:00,2021-07-25T11:40:32-05:00,56.42,46.0,76,0.34,13.5,90,100,100,60,100,100,98,1036,2985,500,15666,19007,279,706,323,93,39,0,1.8125,0,85,87,97,100,55,76,96,96,30
2021-07-26,75,90,96,77,81,46,67,42,34680,29040,5640,6840,18060,4140,48,84,1590,18150,,2021-07-25T23:52:19-05:00,2021-07-26T09:30:19-05:00,56.01,48.0,77,-0.19,14.125,84,92,100,43,100,100,100,173,2020,450,3884,3531,420,712,163,10,0,135,1.21875,0,82,74,94,44,45,98,95,97,100
2021-07-27,78,99,63,70,81,56,24,100,34260,28950,5310,4380,20880,3690,53,85,2580,17790,,2021-07-26T22:01:01-05:00,2021-07-27T07:32:01-05:00,50.53,45.0,87,0.34,13.75,84,76,78,60,100,100,100,822,2752,550,12553,16109,534,575,202,121,8,0,1.6875,2,90,81,96,100,56,76,97,98,80
2021-07-28,83,92,69,96,83,72,78,73,31020,27360,3660,4800,16710,5850,40,88,390,15480,,2021-07-27T23:34:52-05:00,2021-07-28T08:11:52-05:00,56.25,49.0,77,-0.12,13.5,86,73,100,60,100,100,100,200,2095,550,3985,3850,570,642,216,12,0,0,1.28125,0,88,92,94,63,49,100,100,98,94
2021-07-29,80,97,19,100,72,67,70,96,27900,21990,5910,900,15120,5970,48,79,210,15030,,2021-07-28T22:58:47-05:00,2021-07-29T06:43:47-05:00,51.42,45.0,94,-0.1,13.375,86,83,95,60,96,99,100,320,2209,550,6307,6423,482,688,240,30,0,0,1.34375,1,90,85,94,97,60,100,90,100,75
2021-07-30,68,100,100,55,67,56,14,9,50640,39660,10980,10650,26100,2910,44,78,3360,26970,,2021-07-29T23:33:30-05:00,2021-07-30T13:37:30-05:00,65.35,52.0,49,0.62,13.625,88,96,95,60,96,100,100,1684,3665,300,16077,30978,417,595,194,218,16,0,2.25,1,65,57,100,97,66,52,55,94,66
2021-07-31,75,89,96,77,93,66,70,1,32040,28470,3570,6900,17490,4080,39,89,240,15510,,2021-07-31T04:20:50-05:00,2021-07-31T13:14:50-05:00,58.55,54.0,61,-0.01,14,86,92,78,60,96,100,100,212,2069,450,4782,4195,403,751,194,15,0,77,1.25,2,77,74,99,28,40,100,70,92,100
2021-08-01,69,99,45,71,62,47,81,13,42000,31800,10200,3090,24930,3780,52,76,450,20820,,2021-08-01T00:47:20-05:00,2021-08-01T12:27:20-05:00,55.96,48.0,72,0.58,14.25,,,,,,,,218,2092,450,4616,4215,441,736,255,8,0,0,1.25,1,77,60,100,100,49,56,100,91,58
2021-08-02,88,100,75,97,88,70,91,66,34740,30690,4050,5130,19500,6060,40,88,720,17040,,2021-08-01T23:29:29-05:00,2021-08-02T09:08:29-05:00,48.79,44.0,98,-0.36,13.25,,,,,,,,198,2065,450,4025,4016,625,631,168,15,1,0,1.25,0,83,100,100,0,0,93,98,95,100
2021-08-03,76,100,66,97,81,43,67,38,39240,33090,6150,4560,22080,6450,53,84,150,20280,,2021-08-02T23:23:53-05:00,2021-08-03T10:17:53-05:00,51.56,45.0,84,-0.26,13.5,87,83,95,60,96,100,100,825,2744,450,10012,15059,484,630,220,90,16,0,1.65625,1,83,76,100,0,0,96,100,96,100
2021-08-04,69,76,44,95,60,68,67,59,30120,23460,6660,3060,16020,4380,37,78,150,16380,,2021-08-03T23:52:39-05:00,2021-08-04T08:14:39-05:00,60.49,50.0,61,0.02,13.5,93,98,100,78,100,100,98,908,2892,450,15121,17241,331,611,382,102,14,0,1.75,0,81,60,95,61,61,100,92,94,58
2021-08-05,63,95,47,73,34,42,75,12,46560,30030,16530,3210,22950,3870,52,64,330,24330,,2021-08-04T23:55:30-05:00,2021-08-05T12:51:30-05:00,61.59,48.0,58,0.35,13.5,88,83,95,78,100,100,89,152,1993,450,3419,3107,512,694,148,8,0,78,1.21875,1,75,46,94,68,56,75,100,91,35
2021-08-06,77,96,38,97,74,63,67,61,28320,23940,4380,2610,16170,5160,51,85,180,14490,,2021-08-05T23:53:14-05:00,2021-08-06T07:45:14-05:00,50.09,46.0,81,-0.04,14,90,74,95,78,100,100,100,1011,2996,550,11795,18860,565,497,254,107,17,0,1.84375,1,90,78,92,100,66,100,99,94,87
2021-08-07,74,93,90,50,93,46,89,21,33180,29460,3720,6090,20700,2670,54,89,660,16350,,2021-08-07T01:15:23-05:00,2021-08-07T10:28:23-05:00,67.21,57.0,32,0.15,14.625,97,89,100,95,100,100,100,416,2333,300,7749,8460,445,650,296,48,1,0,1.40625,0,66,71,90,46,55,92,39,80,47
2021-08-08,72,97,73,48,72,48,83,20,36540,29940,6600,5040,22620,2280,52,82,1260,18780,,2021-08-08T00:45:51-05:00,2021-08-08T10:54:51-05:00,51.49,44.0,86,0.15,14.25,98,96,95,100,100,100,95,709,2619,500,11197,13760,397,680,281,78,4,0,1.59375,1,85,67,90,94,57,92,94,85,100
2021-08-09,83,95,94,98,86,62,70,56,35280,30210,5070,6390,16560,7260,33,86,210,17610,,2021-08-08T23:32:01-05:00,2021-08-09T09:20:01-05:00,52.45,45.0,81,-0.39,14.375,90,70,95,95,100,100,89,225,2123,500,4453,4415,606,620,196,17,1,0,1.28125,1,85,92,90,82,53,92,98,87,79
2021-08-10,78,97,18,98,86,54,67,87,30900,27030,3870,1290,19350,6390,52,87,180,15540,,2021-08-09T23:04:13-05:00,2021-08-10T07:39:13-05:00,51.41,46.0,84,-0.08,13.875,97,91,95,95,100,100,100,633,2560,550,8707,12013,426,580,244,74,2,114,1.5625,1,88,80,90,92,63,100,100,89,73
2021-08-11,66,89,61,95,62,47,18,37,37440,28560,8880,4200,18990,5370,49,76,3030,21360,,2021-08-10T23:08:15-05:00,2021-08-11T09:32:15-05:00,57.36,50.0,70,0.41,13.5,97,85,100,95,100,100,100,737,2677,450,12572,14151,479,580,285,86,10,0,1.625,0,80,53,88,86,62,70,98,89,100
2021-08-12,62,73,38,70,72,45,86,27,30720,24630,6090,2610,18300,3720,53,80,600,15750,,2021-08-12T01:02:01-05:00,2021-08-12T09:34:01-05:00,57.03,51.0,64,0.09,13.75,94,77,95,95,100,99,98,223,2139,450,4991,4163,525,663,244,8,0,0,1.3125,1,73,44,81,70,59,97,76,88,87
2021-08-13,76,93,45,90,79,49,70,83,35460,29520,5940,3120,21600,4800,49,83,210,17700,,2021-08-12T22:37:25-05:00,2021-08-13T08:28:25-05:00,49.77,44.0,92,-0.28,13.75,89,69,95,78,100,98,100,378,2343,500,7928,7599,597,497,322,24,0,0,1.4375,1,86,76,80,100,68,95,95,92,100
2021-08-14,80,100,78,100,95,54,75,24,36780,32940,3840,5340,18630,8970,42,90,360,18090,,2021-08-14T00:30:24-05:00,2021-08-14T10:43:24-05:00,53.26,48.0,79,-0.44,13.375,88,94,100,60,96,96,100,227,2107,550,4809,4582,407,617,218,13,0,185,1.28125,0,88,85,84,87,71,90,97,92,100
2021-08-15,66,66,36,82,65,74,67,68,24840,19170,5670,2430,15360,1380,35,77,180,13770,,2021-08-15T00:25:25-05:00,2021-08-15T07:19:25-05:00,68.71,57.0,37,0.08,14.125,89,99,100,60,96,97,100,843,2864,300,14050,16637,325,511,482,71,0,51,1.75,0,68,52,76,100,78,98,31,89,34
2021-08-16,77,99,98,84,76,53,59,23,38820,31920,6900,7980,19500,4440,44,82,1800,20880,,2021-08-15T23:47:35-05:00,2021-08-16T10:34:35-05:00,54.55,45.0,73,-0.09,13.875,94,97,100,78,100,100,100,980,2909,450,12826,18608,364,687,253,135,1,0,1.78125,0,84,78,79,84,68,100,100,89,88
2021-08-17,84,100,96,96,79,54,89,51,40380,33630,6750,6990,21150,5490,41,83,660,20160,,2021-08-16T22:59:58-05:00,2021-08-17T10:12:58-05:00,53.03,46.0,80,-0.29,14,91,84,100,78,100,100,98,554,2497,550,10229,10776,482,596,295,67,0,0,1.53125,0,87,94,84,76,58,95,100,91,100
2021-08-18,76,92,67,96,90,51,75,29,33420,29400,4020,4590,19020,5790,46,88,360,16830,,2021-08-18T00:40:53-05:00,2021-08-18T09:57:53-05:00,50.89,44.0,91,-0.2,14,87,76,100,78,100,100,89,607,2600,450,11621,11802,554,481,335,69,1,0,1.59375,0,84,75,84,87,57,98,96,93,93
2021-08-19,77,95,82,96,95,53,75,14,33180,29970,3210,5550,18540,5880,45,90,330,16680,,2021-08-19T01:50:24-05:00,2021-08-19T11:03:24-05:00,60.15,52.0,54,-0.16,14,92,95,100,95,100,100,78,566,2485,450,11617,11844,382,690,317,51,0,0,1.5,0,74,78,84,79,57,99,67,89,63
2021-08-20,70,68,36,97,79,54,67,100,28260,23430,4830,2520,14160,6750,44,83,150,13260,,2021-08-19T23:14:09-05:00,2021-08-20T07:05:09-05:00,55.68,48.0,67,0.13,14,86,71,95,100,100,100,69,867,2871,450,11728,16806,496,250,249,125,0,320,1.78125,1,74,62,77,92,58,94,82,88,52
2021-08-22,,,,,,,,,,,,,,,,,,,,,,,,,,,98,100,100,95,100,98,100,120,1987,450,2255,2239,107,257,97,14,0,965,1.25,0,,,,,,,,,
2021-08-23,77,84,67,97,79,56,75,72,33180,27420,5760,4590,16530,6300,43,83,360,14970,,2021-08-22T23:44:31-05:00,2021-08-23T08:57:31-05:00,60.8,52.0,55,-0.27,14.125,90,77,100,78,100,96,100,293,2200,450,5790,5825,545,619,250,25,1,0,1.34375,0,73,78,75,0,69,96,68,85,53
2021-08-24,61,73,73,62,41,58,72,19,36540,24510,12030,4980,16230,3300,38,67,1500,21570,,2021-08-23T23:58:43-05:00,2021-08-24T10:07:43-05:00,65.76,54.0,51,0.63,14,,,,,,,,290,2213,250,6173,5811,553,613,253,21,0,0,1.34375,0,55,41,70,94,75,52,39,76,88
2021-08-25,60,62,38,87,24,53,91,62,34320,20940,13380,2670,13740,4530,48,61,690,20520,,2021-08-24T22:30:39-05:00,2021-08-25T08:02:39-05:00,61.05,50.0,75,0.11,14,,,,,,,,444,2411,450,8931,8771,647,443,308,37,5,0,1.5,0,71,38,62,0,0,96,98,78,47
2021-08-26,77,92,73,77,79,64,83,38,28740,24450,4290,4200,17610,2640,44,85,540,14670,,2021-08-26T01:01:42-05:00,2021-08-26T09:00:42-05:00,63.96,56.0,53,-0.07,13.875,,,,,,,,593,2539,100,9667,11219,441,639,305,31,24,0,1.5625,0,69,78,63,0,0,100,47,70,60
2021-08-27,78,95,65,98,60,69,83,39,29400,24180,5220,3690,14910,5580,40,82,540,16050,,2021-08-27T00:21:26-05:00,2021-08-27T08:31:26-05:00,60.57,51.0,59,-0.03,14,88,94,100,60,96,100,98,784,2726,450,11187,14413,408,558,248,50,42,134,1.65625,0,74,80,66,0,0,100,83,66,39
2021-08-28,74,99,73,80,86,45,67,26,37320,32040,5280,4950,22860,4230,53,86,150,19350,,2021-08-28T00:03:50-05:00,2021-08-28T10:25:50-05:00,60.4,51.0,62,-0.09,13.625,87,77,100,78,96,100,89,361,2298,300,7431,7317,536,571,305,27,1,0,1.40625,0,69,71,72,49,74,100,61,66,91
2021-08-29,74,98,97,79,65,49,83,4,40500,31320,9180,7530,19590,4200,46,77,1230,22470,,2021-08-29T01:15:29-05:00,2021-08-29T12:30:29-05:00,63.05,54.0,55,0.35,13.875,95,76,100,95,100,100,100,440,2360,300,8342,8582,547,612,219,54,8,0,1.4375,0,69,71,76,92,77,74,55,62,80
2021-08-30,62,63,24,97,67,59,94,20,25740,20550,5190,1740,13350,5460,40,80,990,12180,,2021-08-30T03:00:46-05:00,2021-08-30T10:09:46-05:00,56.14,49.0,62,-0.22,14,97,80,95,100,100,100,100,1142,3073,450,14224,21143,515,588,179,139,19,0,1.875,1,72,43,69,81,77,98,99,63,75
2021-08-31,73,93,62,74,88,42,72,44,34140,29610,4530,4230,21420,3960,53,87,300,16740,,2021-08-31T00:11:53-05:00,2021-08-31T09:40:53-05:00,60.32,52.0,53,-0.07,13.875,96,78,100,100,100,100,98,288,2205,250,6028,5533,530,623,267,19,1,0,1.34375,0,60,69,71,43,63,100,78,59,15
2021-09-01,86,100,98,97,88,64,89,42,37740,33810,3930,7620,20880,5310,51,90,630,18570,,2021-08-31T23:50:20-05:00,2021-09-01T10:19:20-05:00,59.29,53.0,53,0.0,13.75,97,83,100,100,100,99,100,246,2113,300,5075,4699,462,774,178,24,2,0,1.28125,0,82,99,86,96,73,100,63,59,100
2021-09-02,,,,,,,,,,,,,,,,,,,,,,,,,,,99,96,100,100,100,100,100,1107,3108,450,13390,20603,367,384,271,143,11,264,1.90625,0,,,,,,,,,
2021-09-03,79,99,95,96,93,55,70,10,35880,31800,4080,6540,19320,5940,44,89,210,17790,,2021-09-03T01:59:31-05:00,2021-09-03T11:57:31-05:00,61.39,53.0,42,-0.04,13.375,95,81,100,95,96,100,100,242,2113,450,4782,4807,490,706,227,16,1,0,1.28125,0,74,82,86,68,69,100,64,46,100
2021-09-04,54,90,70,40,41,48,1,2,43260,28800,14460,4800,21840,2160,55,67,7650,26580,,2021-09-04T00:19:18-05:00,2021-09-04T12:20:18-05:00,62.94,52.0,59,0.59,13.75,,,,,,,,403,2341,250,7296,7714,461,627,309,38,5,0,1.4375,1,60,21,85,100,75,56,72,49,88
2021-09-05,79,99,95,97,88,57,67,13,36900,32100,4800,6600,18720,6780,37,87,180,18420,,2021-09-05T01:30:55-05:00,2021-09-05T11:45:55-05:00,55.37,48.0,67,-0.23,13.5,,,,,,,,211,2063,450,3996,4188,534,710,173,22,1,0,1.25,2,82,82,89,0,0,97,94,56,100
2021-09-06,79,98,96,95,74,54,94,6,38940,31350,7590,6870,19110,5370,45,81,1020,20670,,2021-09-06T01:32:56-05:00,2021-09-06T12:21:56-05:00,60.13,51.0,63,0.1,13.75,,,,,,,,424,2305,450,7788,8795,302,694,272,42,0,130,1.40625,0,81,82,91,0,0,97,87,60,73
2021-09-07,76,84,43,96,83,60,67,81,26400,23460,2940,2970,15390,5100,50,89,150,13200,,2021-09-07T00:02:18-05:00,2021-09-07T07:22:18-05:00,55.28,49.0,86,-0.09,13.875,79,79,95,43,71,97,100,798,2761,450,11866,15139,502,563,278,88,9,0,1.6875,1,81,75,87,0,0,100,94,75,40
2021-09-08,79,90,69,97,86,53,91,56,33360,28740,4620,4740,17520,6480,46,86,690,16110,,2021-09-07T23:57:47-05:00,2021-09-08T09:13:47-05:00,59.12,49.0,63,-0.07,13.875,76,72,78,43,71,96,100,206,2133,450,4603,3866,593,597,243,7,0,0,1.3125,2,76,82,85,67,77,100,79,76,45
2021-09-09,77,85,56,97,83,53,75,83,32460,27450,5010,3870,17340,6240,46,85,360,17190,,2021-09-08T22:45:14-05:00,2021-09-09T07:46:14-05:00,61.2,51.0,59,0.25,13.75,79,80,95,43,71,99,100,910,2894,450,13405,17057,520,482,321,108,9,0,1.78125,1,78,77,83,97,85,83,87,75,37
2021-09-10,79,90,79,96,79,52,75,69,34500,28710,5790,5370,17220,6120,46,83,330,16560,,2021-09-09T23:24:55-05:00,2021-09-10T08:59:55-05:00,57.73,54.0,64,-0.05,13.75,85,91,100,60,71,98,100,475,2445,450,9554,9457,422,601,375,40,2,0,1.5,0,77,83,81,62,75,100,57,78,100
2021-09-11,80,99,93,58,95,53,67,55,35100,31740,3360,6360,22290,3090,41,90,180,17460,,2021-09-10T23:38:22-05:00,2021-09-11T09:23:22-05:00,58.39,51.0,63,-0.14,13.75,78,62,78,60,71,97,98,214,2115,450,4024,4347,655,518,167,19,0,81,1.3125,2,83,85,84,94,76,100,73,78,100
2021-09-12,66,95,81,88,58,59,3,7,40440,29970,10470,5490,19830,4650,35,74,4170,21660,,2021-09-12T01:13:32-05:00,2021-09-12T12:27:32-05:00,60.66,51.0,68,0.07,13.5,85,92,95,60,71,96,100,296,2182,450,6245,5873,417,747,250,26,0,0,1.3125,1,80,50,84,92,82,99,81,81,100
2021-09-13,74,89,50,97,67,55,83,44,36540,28590,7950,3480,18480,6630,43,78,540,19170,,2021-09-12T23:30:04-05:00,2021-09-13T09:39:04-05:00,52.78,48.0,78,-0.28,14,82,75,95,60,71,96,100,327,2259,500,7333,6506,551,578,285,26,0,0,1.375,1,85,70,83,100,85,96,100,86,71
2021-09-14,70,74,55,86,79,58,59,75,26520,22710,3810,3270,15630,3810,45,86,1770,13950,,2021-09-13T23:59:37-05:00,2021-09-14T07:21:37-05:00,59.48,51.0,57,-0.21,13.75,67,57,60,43,40,84,100,263,2214,450,5584,5227,699,476,248,17,0,0,1.375,3,79,60,77,94,87,98,80,86,57
2021-09-15,58,77,63,66,65,52,19,23,33060,25500,7560,4320,17670,3510,41,77,2970,18840,,2021-09-15T00:21:03-05:00,2021-09-15T09:32:03-05:00,68.5,57.0,44,0.35,13.75,70,73,95,43,40,69,100,203,2107,250,4290,3861,569,660,199,12,0,0,1.28125,1,61,30,72,87,91,75,43,76,32
2021-09-16,84,100,97,96,76,47,86,62,48000,39120,8880,7260,26400,5460,50,82,1170,23190,,2021-09-15T21:47:18-05:00,2021-09-16T11:07:18-05:00,55.91,48.0,77,-0.32,13.5,73,92,100,25,40,95,100,511,2393,600,8134,9763,398,731,203,58,7,43,1.4375,0,93,95,86,99,95,94,100,83,100
2021-09-17,75,84,97,75,72,54,78,56,34020,27210,6810,7230,15960,4020,50,80,390,19290,,2021-09-16T23:05:07-05:00,2021-09-17T08:32:07-05:00,60.88,49.0,58,0.59,13.5,,,,,,,,257,2215,450,5330,4844,673,517,228,20,2,0,1.375,1,76,72,84,89,92,55,96,79,64
2021-09-18,69,95,98,17,60,56,75,21,40080,30030,10050,8040,21030,960,45,75,1410,21810,,2021-09-17T23:46:30-05:00,2021-09-18T10:54:30-05:00,71.72,58.0,34,0.17,14.625,,,,,,,,388,2271,250,6262,7356,446,704,245,44,1,0,1.375,0,58,58,85,0,0,91,13,59,63
2021-09-19,61,88,96,62,58,48,1,14,38100,28380,9720,6750,18360,3270,51,74,5400,21480,,2021-09-19T00:31:38-05:00,2021-09-19T11:06:38-05:00,61.65,51.0,61,-0.04,13.625,,,,,,,,268,2147,450,5383,5420,426,719,226,16,2,51,1.3125,0,73,38,83,0,0,100,81,57,71
2021-09-20,76,99,75,50,88,47,75,56,36600,31860,4740,5130,24060,2670,50,87,330,18750,,2021-09-19T23:14:46-05:00,2021-09-20T09:24:46-05:00,54.97,47.0,77,-0.04,13.625,,,,,,,,206,2118,100,4079,3841,530,706,187,17,0,0,1.28125,1,82,75,87,0,0,100,100,66,88
2021-09-21,76,97,55,97,72,50,86,35,35580,29730,5850,3750,19680,6300,50,84,570,17730,,2021-09-21T00:09:59-05:00,2021-09-21T10:02:59-05:00,58.25,52.0,68,-0.22,13.5,,,,,,,,227,2082,450,5058,4631,464,768,189,19,0,0,1.25,0,82,75,89,0,0,98,88,70,68
2021-09-22,67,96,62,73,62,56,6,51,40200,30480,9720,4230,22350,3900,40,76,3960,21900,,2021-09-21T22:31:27-05:00,2021-09-22T09:41:27-05:00,58.67,48.0,61,0.06,13.875,84,84,78,60,100,99,98,231,2113,450,4493,4367,499,733,185,21,2,0,1.28125,2,81,53,90,0,0,100,100,71,80
2021-09-23,86,100,96,80,83,43,86,100,40560,34320,6240,7080,23010,4230,56,85,600,20340,,2021-09-22T21:18:29-05:00,2021-09-23T08:34:29-05:00,64.83,53.0,41,0.43,13.875,94,96,100,78,100,100,100,1342,3278,450,15444,25204,356,595,203,169,24,93,2,0,76,100,95,100,97,68,58,59,90
2021-09-24,71,87,84,82,81,48,64,24,33360,28020,5340,5760,17910,4350,47,84,1650,17460,,2021-09-24T00:40:18-05:00,2021-09-24T09:56:18-05:00,62.94,55.0,44,-0.06,13.625,97,89,100,95,100,100,100,1243,3209,300,15402,22808,442,585,255,127,31,0,1.96875,0,69,62,92,43,82,100,58,51,79
2021-09-25,66,100,95,72,65,48,1,7,42540,32940,9600,6660,22470,3810,56,77,6780,24870,,2021-09-25T00:15:29-05:00,2021-09-25T12:04:29-05:00,66.21,54.0,43,0.23,13.5,94,77,95,95,100,100,98,307,2203,300,5747,6153,528,681,195,35,1,0,1.34375,1,64,50,96,30,61,85,52,45,85
2021-09-26,73,84,57,74,48,71,91,52,28200,20940,7260,3330,15900,1710,46,74,690,14520,,2021-09-26T00:52:30-05:00,2021-09-26T08:42:30-05:00,66.19,59.0,43,-0.11,13.5,95,75,95,95,100,100,100,372,2275,450,5707,7165,541,664,187,48,0,0,1.375,1,70,68,91,95,64,100,30,45,100
2021-09-27,80,100,79,97,86,45,67,54,37980,32640,5340,5400,20670,6570,55,86,150,19020,,2021-09-26T23:14:20-05:00,2021-09-27T09:47:20-05:00,57.92,51.0,73,-0.21,14.125,95,76,95,95,100,100,100,888,2823,450,11405,16321,523,635,167,76,39,0,1.71875,1,81,85,94,93,66,98,70,54,100
2021-09-28,75,74,65,97,93,51,70,92,27720,24780,2940,4470,14040,6270,44,89,210,13710,,2021-09-27T23:26:49-05:00,2021-09-28T07:08:49-05:00,64.11,54.0,41,0.0,13.75,97,89,100,95,100,100,100,339,2286,250,7696,6791,445,460,288,32,0,215,1.40625,0,62,73,86,31,56,100,56,46,53
2021-09-29,65,80,82,84,53,53,24,51,36660,26280,10380,5550,16320,4410,44,72,2550,20670,,2021-09-28T22:52:50-05:00,2021-09-29T09:03:50-05:00,61.95,51.0,58,0.27,14,93,68,95,95,100,100,100,283,2210,450,5947,5728,604,566,247,23,0,0,1.34375,1,72,48,81,97,62,82,87,50,81
2021-09-30,89,100,95,96,74,71,97,68,32040,27720,4320,5160,18180,4380,36,87,930,16110,,2021-09-29T23:44:51-05:00,2021-09-30T08:38:51-05:00,61.74,54.0,55,-0.25,13.125,91,86,100,78,96,98,100,197,2061,450,3930,3868,439,776,215,10,0,0,1.25,0,79,100,86,92,68,97,57,52,99
2021-10-01,80,100,73,87,76,45,89,59,39720,32460,7260,5040,22830,4590,48,82,630,20250,,2021-09-30T22:42:15-05:00,2021-10-01T09:44:15-05:00,56.98,50.0,62,-0.05,13.625,82,70,100,60,71,96,100,294,2205,450,4831,5762,595,611,205,29,0,0,1.34375,0,84,84,90,100,76,100,100,59,73
2021-10-02,73,100,96,46,83,48,75,10,42780,36360,6420,7170,26760,2430,46,85,360,22470,,2021-10-02T00:37:02-05:00,2021-10-02T12:30:02-05:00,68.52,57.0,36,0.16,13.375,80,87,100,43,71,95,100,284,2167,300,5839,5702,453,739,223,25,0,0,1.3125,0,67,67,96,92,80,91,49,45,13
2021-10-03,62,85,61,95,62,53,10,17,36120,27630,8490,4170,18180,5280,41,76,3660,19980,,2021-10-03T00:37:11-05:00,2021-10-03T10:39:11-05:00,59.1,51.0,57,0.03,13.625,70,67,100,43,40,70,100,118,2027,450,2787,2027,638,601,149,4,0,48,1.25,0,75,40,93,100,83,100,80,48,79
2021-10-04,60,91,91,53,27,52,15,16,47760,29070,18690,6240,20040,2790,42,61,3240,23130,,2021-10-03T23:54:33-05:00,2021-10-04T13:10:33-05:00,65.5,55.0,45,0.04,13.5,73,71,95,43,40,90,100,475,2406,450,7291,8865,522,653,212,48,5,0,1.46875,1,73,35,91,97,91,100,65,43,100
2021-10-05,63,64,59,57,74,44,86,61,27480,22380,5100,4080,15240,3060,47,81,1170,14670,,2021-10-05T00:11:41-05:00,2021-10-05T07:49:41-05:00,63.68,55.0,40,-0.01,14,66,55,100,25,40,84,100,254,2217,300,5750,4777,705,444,275,16,0,0,1.375,0,64,43,82,84,89,100,43,38,74
2021-10-06,71,84,90,47,74,63,83,23,32340,26460,5880,6090,18000,2370,35,82,1230,16620,,2021-10-06T01:02:05-05:00,2021-10-06T10:01:05-05:00,65.89,58.0,37,-0.34,14.625,67,74,78,25,40,83,100,260,2178,300,5387,5021,567,646,203,24,0,0,1.3125,2,65,63,78,87,93,93,29,30,84
2021-10-07,73,81,80,69,74,61,56,78,28140,23460,4680,5460,14370,3630,47,83,1860,14730,,2021-10-06T23:28:33-05:00,2021-10-07T07:17:33-05:00,63.33,56.0,46,0.12,14.125,67,65,100,25,40,83,100,295,2230,450,6176,5791,625,540,249,26,0,0,1.375,0,70,68,74,96,95,95,61,31,63
2021-10-08,,,,,,,,,,,,,,,,,,,,,,,,,,,72,96,100,25,40,80,100,263,2154,450,4939,4953,390,601,229,24,1,195,1.3125,0,,,,,,,,,
2021-10-09,62,78,93,57,32,52,83,1,40860,25710,15150,6330,16350,3030,47,63,1260,18120,,2021-10-09T02:56:38-05:00,2021-10-09T14:17:38-05:00,59.57,55.0,60,-0.11,14.5,67,79,100,25,40,65,100,226,2112,300,4833,4503,519,655,260,6,0,0,1.28125,0,67,40,71,100,99,100,47,41,100
2021-10-10,76,100,94,70,81,43,83,13,39120,33000,6120,6420,22860,3720,56,84,540,18870,,2021-10-10T01:24:53-05:00,2021-10-10T12:16:53-05:00,59.79,54.0,54,0.13,13.75,82,97,100,43,71,97,100,757,2628,450,10412,14415,348,804,192,76,20,0,1.59375,0,78,75,78,100,100,93,71,45,100
2021-10-11,75,85,82,84,79,46,86,51,33300,27600,5700,5580,17610,4410,48,83,570,18000,,2021-10-10T23:37:25-05:00,2021-10-11T08:52:25-05:00,63.99,54.0,44,-0.05,13.625,69,65,100,25,40,96,100,221,2169,300,4831,4042,629,561,243,7,0,0,1.34375,0,68,73,77,66,88,100,72,42,50
2021-10-12,83,100,67,92,69,64,75,87,29820,24840,4980,4110,18240,2490,53,83,330,15600,,2021-10-11T23:11:07-05:00,2021-10-12T07:28:07-05:00,65.99,55.0,46,0.23,13.875,73,87,100,25,40,95,100,238,2121,450,5033,4656,457,713,260,10,0,0,1.28125,0,78,93,82,94,91,85,65,48,31
2021-10-13,69,87,33,77,72,49,83,51,35280,28080,7200,2310,21720,4050,44,80,1260,19080,,2021-10-12T23:17:30-05:00,2021-10-13T09:05:30-05:00,59.86,52.0,63,-0.16,13.5,70,70,100,25,40,95,100,273,2180,450,5388,5474,580,543,191,30,1,95,1.34375,0,76,57,81,100,92,100,88,58,56
2021-10-14,74,86,82,95,48,66,83,28,33900,24180,9720,5340,15390,3450,37,71,1260,19920,,2021-10-14T00:10:29-05:00,2021-10-14T09:35:29-05:00,70.19,56.0,43,0.53,13.875,,,,,,,,202,2108,250,4224,3649,527,686,215,12,0,0,1.28125,1,63,70,80,92,93,61,51,53,51
2021-10-15,79,100,95,73,86,48,72,45,41340,35670,5670,6510,25290,3870,47,86,270,20430,,2021-10-14T23:07:54-05:00,2021-10-15T10:36:54-05:00,56.82,49.0,66,-0.11,13.375,,,,,,,,176,2078,450,4007,3425,598,645,187,10,0,0,1.25,0,82,83,88,0,0,100,100,61,100
2021-10-16,66,72,98,54,48,72,72,24,34680,24270,10410,7920,13500,2850,30,70,300,17160,,2021-10-16T00:45:08-05:00,2021-10-16T10:23:08-05:00,73.32,61.0,28,0.23,13.75,,,,,,,,444,2375,250,8241,8585,601,597,199,36,7,0,1.4375,2,56,50,82,0,0,86,6,42,100
2021-10-17,79,100,100,58,83,49,97,28,46140,39090,7050,9090,26880,3120,44,85,930,23730,,2021-10-16T22:46:01-05:00,2021-10-17T11:35:01-05:00,58.75,53.0,50,0.04,13.625,,,,,,,,226,2098,450,4342,4564,600,671,138,31,0,0,1.28125,1,81,83,94,0,0,100,88,42,100
2021-10-18,73,88,77,47,81,53,89,49,33780,28410,5370,5250,20670,2490,47,84,630,17910,,2021-10-17T23:41:28-05:00,2021-10-18T09:04:28-05:00,57.39,52.0,56,-0.29,13.5,,,,,,,,242,2164,450,4887,4578,524,564,204,22,0,126,1.3125,0,81,68,93,0,0,95,100,47,85
2021-10-19,84,100,84,97,69,73,81,41,36480,28620,7860,5400,18870,4350,46,78,1320,18540,,2021-10-19T00:07:21-05:00,2021-10-19T10:15:21-05:00,60.93,51.0,46,-0.43,14,,,,,,,,195,2034,450,4256,3841,393,833,201,12,1,0,1.21875,0,82,95,98,0,0,91,88,47,76
2021-10-20,84,100,98,82,69,55,86,73,41580,32940,8640,7770,20790,4380,40,79,600,21210,,2021-10-19T21:59:31-05:00,2021-10-20T09:32:31-05:00,66.44,55.0,42,0.18,13.375,,,,,,,,263,2199,450,5568,5046,676,534,207,22,1,0,1.34375,1,78,95,100,0,0,90,73,41,46
2021-10-21,60,74,31,95,67,51,23,50,31740,24870,6870,2220,17460,5190,43,78,2610,16650,,2021-10-21T00:00:19-05:00,2021-10-21T08:49:19-05:00,60.73,53.0,56,-0.3,13.5,,,,,,,,268,2210,450,5314,5126,664,541,208,26,1,0,1.34375,2,70,35,94,0,0,95,58,46,94
2021-10-22,76,99,95,49,69,56,72,43,35820,28740,7080,5760,20670,2310,46,80,270,16830,,2021-10-22T00:07:19-05:00,2021-10-22T10:04:19-05:00,63.73,56.0,45,0.02,13.875,95,90,100,100,100,100,86,656,2579,450,10045,12378,438,672,253,67,10,0,1.5625,0,79,75,95,0,0,100,58,44,100
2021-10-23,76,100,100,59,69,49,89,20,49320,39120,10200,9840,26130,3150,44,79,630,26160,,2021-10-22T22:37:06-05:00,2021-10-23T12:19:06-05:00,65.11,58.0,34,0.03,13.75,91,92,95,95,100,100,80,140,1984,450,3065,2805,402,671,154,4,0,209,1.21875,1,76,75,100,76,92,100,52,35,100
2021-10-24,81,100,100,94,81,65,62,20,36600,30840,5760,7920,20010,2910,47,84,1740,19860,,2021-10-24T01:12:27-05:00,2021-10-24T11:22:27-05:00,66.69,59.0,39,-0.11,13.5,94,100,100,78,100,100,100,1739,3670,200,18580,31423,244,754,234,85,123,0,2.21875,0,79,88,100,100,96,100,45,30,85
2021-10-25,80,85,84,96,65,70,89,50,25560,21420,4140,4170,13860,3390,42,84,1110,13650,,2021-10-25T00:20:52-05:00,2021-10-25T07:26:52-05:00,71.85,61.0,28,0.14,14,93,66,100,95,100,100,98,380,2358,250,7461,7366,592,487,339,17,5,0,1.4375,0,60,85,100,100,99,93,16,25,37
2021-10-26,76,83,51,88,79,57,83,74,28680,25350,3330,3090,17580,4680,44,88,540,14310,,2021-10-25T23:50:44-05:00,2021-10-26T07:48:44-05:00,58.22,52.0,71,-0.11,13.125,88,60,100,78,100,100,98,186,2126,200,4268,3549,628,620,185,7,0,0,1.3125,0,82,75,99,83,69,100,100,42,60
2021-10-27,77,100,97,79,46,55,94,19,46740,33510,13230,7020,22290,4200,43,72,1020,23400,,2021-10-26T23:17:47-05:00,2021-10-27T12:16:47-05:00,63.29,52.0,48,0.23,13.875,86,73,100,60,96,100,100,238,2149,450,5092,4886,476,743,211,10,0,0,1.3125,0,83,78,100,83,69,86,85,43,94
2021-10-28,74,84,82,65,81,51,78,61,32580,27300,5280,5610,18240,3450,43,84,390,16290,,2021-10-27T23:45:49-05:00,2021-10-28T08:48:49-05:00,62.32,54.0,52,0.17,13.375,80,85,95,43,71,97,100,223,2117,450,4575,4363,465,671,206,11,0,87,1.28125,1,79,70,98,100,78,90,70,48,82
2021-10-29,77,97,88,56,53,52,72,82,43380,31140,12240,5970,22200,2970,43,72,300,25410,,2021-10-28T20:30:44-05:00,2021-10-29T08:33:44-05:00,61.58,51.0,61,0.5,13.75,78,74,100,43,71,97,100,597,2560,450,8733,12090,562,518,278,82,0,0,1.5625,0,80,78,97,100,81,62,100,58,79
2021-10-30,69,82,48,94,83,53,70,24,31320,26760,4560,3330,18480,4950,43,85,1560,16860,,2021-10-30T00:50:24-05:00,2021-10-30T09:32:24-05:00,60.41,55.0,56,0.02,13.5,79,80,95,43,71,95,100,288,2233,450,6525,5564,510,614,306,10,0,0,1.375,1,76,58,91,78,75,100,77,64,76
2021-10-31,75,100,100,63,74,51,67,16,46500,37560,8940,9150,25050,3360,48,81,180,25290,,2021-10-30T23:15:00-05:00,2021-10-31T12:10:00-05:00,61.73,57.0,47,0.0,13.5,56,75,95,25,1,28,100,166,2074,450,3797,3071,556,684,197,3,0,0,1.25,1,81,73,99,98,79,100,55,62,100
2021-11-01,69,74,59,81,76,48,86,57,30240,24750,5490,4050,16410,4290,47,82,570,15390,,2021-11-01T00:07:01-05:00,2021-11-01T08:31:01-05:00,58.8,53.0,61,-0.18,13.875,48,57,100,1,1,31,100,272,2274,500,5523,5105,694,453,277,15,1,0,1.40625,0,85,58,92,100,85,99,93,70,99
2021-11-02,57,77,73,42,60,48,37,22,34260,25620,8640,4950,18390,2280,45,75,2280,18510,,2021-11-02T00:36:40-05:00,2021-11-02T10:07:40-05:00,63.36,55.0,44,0.21,13.75,64,67,95,25,40,63,100,225,2157,450,4596,4368,603,640,177,19,1,0,1.3125,1,72,28,86,85,87,87,71,65,89
2021-11-03,,,,,,,,,,,,,,,,,,,,,,,,,,,62,64,100,25,40,49,100,44,1873,450,932,858,98,336,36,4,0,966,1.15625,0,,,,,,,,,
2021-11-04,,,,,,,,,,,,,,,,,,,,,,,,,,,66,100,100,25,40,37,100,56,1932,450,1285,948,223,209,68,1,0,939,1.21875,0,,,,,,,,,
2021-11-05,60,65,82,30,55,51,70,61,30900,22530,8370,5550,15390,1590,48,73,1530,14790,,2021-11-05T00:10:29-05:00,2021-11-05T08:45:29-05:00,70.59,57.0,31,0.02,14.125,52,77,100,1,1,33,100,234,2121,250,5297,4662,520,678,230,12,0,0,1.28125,0,59,35,76,0,96,100,49,48,45
2021-11-06,82,100,99,96,81,59,91,17,40020,33540,6480,8520,19230,5790,35,84,690,19680,,2021-11-06T00:46:16-05:00,2021-11-06T11:53:16-05:00,61.7,53.0,49,0.15,13.875,53,82,100,1,1,41,100,285,2176,450,6756,5721,475,712,229,24,0,0,1.3125,0,82,90,81,99,98,92,73,48,100
2021-11-07,77,100,99,63,88,49,72,32,37320,32520,4800,8430,20730,3360,47,87,270,19440,,2021-11-06T23:50:16-06:00,2021-11-07T10:12:16-06:00,67.1,57.0,38,0.21,13.875,71,86,100,25,40,82,100,531,2446,450,8629,10203,466,659,252,60,3,0,1.5,0,74,77,84,99,98,86,51,41,77
2021-11-08,84,92,100,74,83,58,89,85,34560,29250,5310,9150,16140,3960,43,85,660,16380,,2021-11-07T22:56:19-06:00,2021-11-08T08:32:19-06:00,59.83,52.0,53,-0.28,15,59,47,60,25,40,74,100,220,2182,450,4926,4127,765,451,210,14,0,0,1.34375,3,78,95,83,86,91,96,59,48,92
2021-11-09,68,90,97,73,79,59,10,21,34680,28920,5760,7500,17550,3870,36,83,3630,18300,,2021-11-09T00:43:15-06:00,2021-11-09T10:21:15-06:00,61.64,53.0,51,-0.07,13.625,60,69,43,25,40,66,100,117,1965,450,2455,2267,602,709,125,4,0,0,1.1875,4,78,55,83,84,95,100,90,51,100
2021-11-10,,,,,,,,,,,,,,,,,,,,,,,,,,,63,60,100,25,40,55,100,61,1916,450,1346,1191,93,291,63,2,0,991,1.1875,0,,,,,,,,,
2021-11-11,,,,,,,,,,,,,,,,,,,,,,,,,,,70,100,100,25,40,63,100,249,2113,450,4608,5332,139,257,74,33,2,935,1.3125,0,,,,,,,,,
2021-11-12,83,90,89,95,86,48,97,76,33720,28920,4800,6060,17520,5340,51,86,960,16440,,2021-11-11T23:13:29-06:00,2021-11-12T08:35:29-06:00,61.06,56.0,50,0.1,13.625,60,65,78,25,40,50,100,145,2033,450,3183,2900,642,628,165,5,0,0,1.25,2,81,92,83,0,99,96,68,54,100
2021-11-13,81,100,97,98,83,47,72,41,41460,35280,6180,7530,20580,7170,47,85,300,20670,,2021-11-12T23:12:28-06:00,2021-11-13T10:43:28-06:00,58.23,50.0,56,0.2,13.75,66,92,100,25,40,47,100,272,2138,550,5556,5710,399,767,260,14,0,0,1.28125,0,88,87,90,95,97,88,91,62,100
2021-11-14,77,98,67,95,79,52,78,27,38160,31560,6600,4590,21870,5100,42,83,420,20280,,2021-11-13T23:47:01-06:00,2021-11-14T10:23:01-06:00,67.46,57.0,39,0.24,13.875,48,64,60,1,1,50,100,257,2183,450,5196,4987,641,568,207,23,1,0,1.34375,3,77,77,92,100,99,84,54,54,65
2021-11-15,76,83,75,73,81,61,67,70,26760,23100,3660,5160,15720,2220,46,86,180,13500,,2021-11-15T00:23:13-06:00,2021-11-15T07:49:13-06:00,62.92,57.0,47,0.13,13.75,60,70,95,1,40,71,100,432,2396,450,7942,8109,597,521,281,25,16,0,1.46875,1,82,75,88,89,99,93,77,56,85
2021-11-16,70,83,66,95,69,53,72,32,34140,27060,7080,4560,17430,5070,40,79,270,17700,,2021-11-16T00:20:04-06:00,2021-11-16T09:49:04-06:00,64.99,56.0,38,0.08,13.875,63,100,95,1,40,62,100,60,1877,300,1255,1061,253,671,66,2,0,448,1.15625,1,69,60,85,68,95,98,77,49,31
2021-11-17,77,77,64,96,86,55,75,100,29520,25530,3990,4350,15660,5520,42,86,360,14160,,2021-11-16T22:57:16-06:00,2021-11-17T07:09:16-06:00,60.49,54.0,53,-0.06,13.5,72,67,95,25,71,96,100,730,2720,450,10526,13644,601,476,281,76,6,0,1.6875,1,82,78,81,100,99,100,92,56,80
2021-11-18,80,100,92,96,74,57,70,29,41760,33900,7860,6270,21720,5910,43,81,240,21660,,2021-11-17T23:19:09-06:00,2021-11-18T10:55:09-06:00,63.92,55.0,45,0.08,13.75,74,80,95,25,71,96,100,210,2136,450,4621,4174,436,434,198,14,1,357,1.3125,1,78,85,87,65,84,98,70,55,100
2021-11-19,,,,,,,,,,,,,,,,,,,,,,,,,,,77,97,95,25,71,95,100,117,2036,450,2750,2165,359,190,145,4,0,742,1.28125,1,,,,,,,,,
2021-11-20,74,82,46,96,79,64,70,63,25800,21720,4080,3150,14280,4290,43,84,240,12900,,2021-11-20T00:53:59-06:00,2021-11-20T08:03:59-06:00,66.33,58.0,37,0.07,13.25,76,94,100,25,71,88,100,204,2059,300,5060,3997,363,858,204,15,0,0,1.25,0,69,70,83,98,88,99,56,47,3
2021-11-21,79,100,100,40,65,43,99,76,51660,39810,11850,9930,27720,2160,50,77,870,26760,,2021-11-20T20:21:05-06:00,2021-11-21T10:42:05-06:00,59.39,50.0,57,0.05,14.75,82,87,95,43,96,98,100,942,2876,550,13927,17793,458,654,209,95,24,0,1.75,1,89,83,97,100,91,100,94,59,100
2021-11-22,79,100,96,66,79,48,99,26,39240,32610,6630,7050,22020,3540,51,83,900,20100,,2021-11-21T23:51:45-06:00,2021-11-22T10:45:45-06:00,61.06,53.0,49,-0.11,13.875,75,52,95,43,71,97,100,153,2068,450,3187,2906,724,551,155,10,0,0,1.28125,1,80,83,100,44,68,100,100,61,75
2021-11-23,70,84,65,98,72,53,72,18,34020,27270,6750,4470,15600,7200,42,80,270,18270,,2021-11-23T01:03:56-06:00,2021-11-23T10:30:56-06:00,61.04,53.0,55,-0.34,14,70,60,43,43,71,97,100,261,2221,450,5238,4850,733,433,252,22,0,0,1.375,4,81,60,96,89,74,93,87,67,83
2021-11-24,64,71,56,94,93,53,72,1,27180,24120,3060,3810,15330,4980,42,89,300,13110,,2021-11-24T04:08:54-06:00,2021-11-24T11:41:54-06:00,60.9,54.0,52,-0.05,13.75,72,84,100,25,40,96,100,206,2096,450,4742,3930,396,676,217,6,0,145,1.28125,0,77,45,87,84,77,100,79,70,100
2021-11-25,,,,,,,,,,,,,,,,,,,,,,,,,,,72,98,95,25,40,82,100,49,1915,450,1137,909,336,168,62,2,0,872,1.21875,1,,,,,,,,,
2021-11-26,67,100,99,53,79,51,10,1,44460,36960,7500,8400,25740,2820,49,83,3660,24180,,2021-11-26T01:17:29-06:00,2021-11-26T13:38:29-06:00,61.04,52.0,60,-0.33,13.375,63,73,78,25,40,62,100,166,2024,500,3493,3268,577,714,135,12,2,0,1.21875,2,86,53,96,0,85,94,100,80,100
2021-11-27,80,100,97,95,79,52,91,13,40800,33930,6870,7380,21510,5040,51,83,1050,20040,,2021-11-27T01:01:29-06:00,2021-11-27T12:21:29-06:00,58.88,53.0,61,-0.37,13.75,62,69,95,25,40,49,100,182,2057,550,3749,3569,579,670,179,12,0,0,1.25,1,90,85,100,96,90,92,100,86,49
2021-11-28,78,100,96,69,90,51,89,9,37620,32970,4650,7110,22200,3660,46,88,660,19410,,2021-11-28T01:39:37-06:00,2021-11-28T12:06:37-06:00,60.54,52.0,59,-0.14,13.5,54,94,95,1,1,36,100,125,1959,550,2639,2433,387,745,128,8,0,172,1.1875,1,91,80,100,97,98,100,100,88,67
2021-11-29,77,97,83,97,76,57,67,19,37440,30750,6690,5670,18360,6720,40,82,180,18090,,2021-11-29T01:00:30-06:00,2021-11-29T11:24:30-06:00,61.58,54.0,48,-0.32,13.5,48,64,78,1,1,39,100,221,2130,600,4981,4406,637,595,192,16,0,0,1.3125,2,94,78,100,100,97,94,99,86,98
2021-11-30,67,77,80,87,67,64,1,60,27960,21990,5970,5370,13290,3330,44,79,4500,15960,,2021-11-30T00:05:01-06:00,2021-11-30T07:51:01-06:00,61.14,52.0,52,0.09,13.75,51,69,95,1,1,41,100,253,2187,450,5468,4799,602,588,238,11,1,0,1.34375,1,83,53,95,90,95,97,100,86,29
2021-12-01,77,95,98,34,83,44,86,74,35640,30150,5490,8130,20160,1860,50,85,570,17430,,2021-11-30T23:00:29-06:00,2021-12-01T08:54:29-06:00,71.96,61.0,27,0.13,14,70,74,95,25,40,96,100,686,2630,450,9099,12304,541,640,169,63,27,0,1.59375,1,70,78,93,91,97,94,23,64,30
2021-12-02,72,75,58,77,69,52,75,100,31680,25140,6540,3990,17100,4050,47,79,360,17400,,2021-12-01T21:44:32-06:00,2021-12-02T06:32:32-06:00,68.46,57.0,37,0.18,13.625,70,66,100,25,40,96,100,282,2203,300,6306,5645,628,543,249,20,0,0,1.34375,0,66,65,86,48,88,90,70,54,24
2021-12-03,83,100,100,87,93,60,97,15,38760,34500,4260,9240,20670,4590,37,89,840,19440,,2021-12-03T01:02:31-06:00,2021-12-03T11:48:31-06:00,63.75,56.0,48,-0.07,13.5,71,79,100,25,40,96,98,229,2074,450,4235,4733,469,795,138,38,0,0,1.25,0,83,93,90,88,85,100,71,55,100
2021-12-04,,,,,,,,,,,,,,,,,,,,,,,,,,,72,85,100,25,40,95,100,35,1726,450,533,685,105,538,30,3,0,0,1.0625,0,,,,,,,,,
